PRAGMA foreign_keys=OFF;
BEGIN TRANSACTION;
CREATE TABLE `OSP_MASTER` (`uid` `TEXT`, `oclass` `REAL`, `first_level` `BOOLEAN`, PRIMARY KEY(`uid`));
INSERT INTO OSP_MASTER VALUES('00000000-0000-0000-0000-000000000000','',0);
INSERT INTO OSP_MASTER VALUES('91065a12-947e-4a25-a9b3-eb4d8db58763','city.Citizen',0);
INSERT INTO OSP_MASTER VALUES('aab17a89-22ff-4ce8-a053-182b9b7161a4','city.Citizen',0);
INSERT INTO OSP_MASTER VALUES('931ee2d9-9d9c-4b55-8f0c-41b9f809765e','city.Citizen',0);
INSERT INTO OSP_MASTER VALUES('cfedb6bc-5837-443d-8286-bba246a29934','city.Neighborhood',0);
INSERT INTO OSP_MASTER VALUES('fde5cc98-2e14-4912-bbb4-7e07e3c89226','city.Street',0);
INSERT INTO OSP_MASTER VALUES('0c4a5cf9-a571-4337-99d5-9a0a5485f081','city.Building',0);
INSERT INTO OSP_MASTER VALUES('08da2515-5d85-470a-abd4-eb48eb9cb1b5','city.Address',0);
CREATE TABLE `OSP_RELATIONSHIPS` (`origin` `TEXT`, `target` `TEXT`, `name` `REAL`, `target_oclass` `REAL`, PRIMARY KEY(`origin`, `target`, `name`), FOREIGN KEY(`origin`) REFERENCES `OSP_MASTER`(`uid`), FOREIGN KEY(`target`) REFERENCES `OSP_MASTER`(`uid`));
INSERT INTO OSP_RELATIONSHIPS VALUES('cfedb6bc-5837-443d-8286-bba246a29934','fde5cc98-2e14-4912-bbb4-7e07e3c89226','city.hasPart','city.Street');
INSERT INTO OSP_RELATIONSHIPS VALUES('fde5cc98-2e14-4912-bbb4-7e07e3c89226','cfedb6bc-5837-443d-8286-bba246a29934','city.isPartOf','city.Neighborhood');
INSERT INTO OSP_RELATIONSHIPS VALUES('fde5cc98-2e14-4912-bbb4-7e07e3c89226','0c4a5cf9-a571-4337-99d5-9a0a5485f081','city.hasPart','city.Building');
INSERT INTO OSP_RELATIONSHIPS VALUES('0c4a5cf9-a571-4337-99d5-9a0a5485f081','fde5cc98-2e14-4912-bbb4-7e07e3c89226','city.isPartOf','city.Street');
INSERT INTO OSP_RELATIONSHIPS VALUES('0c4a5cf9-a571-4337-99d5-9a0a5485f081','08da2515-5d85-470a-abd4-eb48eb9cb1b5','city.hasPart','city.Address');
INSERT INTO OSP_RELATIONSHIPS VALUES('08da2515-5d85-470a-abd4-eb48eb9cb1b5','0c4a5cf9-a571-4337-99d5-9a0a5485f081','city.isPartOf','city.Building');
CREATE TABLE `CUDS_city___City` (`name` `TEXT`, `coordinates___0` `INTEGER`, `coordinates___1` `INTEGER`, `uid` `TEXT`, PRIMARY KEY(`uid`), FOREIGN KEY(`uid`) REFERENCES `OSP_MASTER`(`uid`));
CREATE TABLE `CUDS_city___Citizen` (`age` `INTEGER`, `name` `TEXT`, `uid` `TEXT`, PRIMARY KEY(`uid`), FOREIGN KEY(`uid`) REFERENCES `OSP_MASTER`(`uid`));
INSERT INTO CUDS_city___Citizen VALUES(25,'Peter','91065a12-947e-4a25-a9b3-eb4d8db58763');
INSERT INTO CUDS_city___Citizen VALUES(25,'Hans','aab17a89-22ff-4ce8-a053-182b9b7161a4');
INSERT INTO CUDS_city___Citizen VALUES(25,'Michel','931ee2d9-9d9c-4b55-8f0c-41b9f809765e');
CREATE TABLE `CUDS_city___Neighborhood` (`name` `TEXT`, `coordinates___0` `INTEGER`, `coordinates___1` `INTEGER`, `uid` `TEXT`, PRIMARY KEY(`uid`), FOREIGN KEY(`uid`) REFERENCES `OSP_MASTER`(`uid`));
INSERT INTO CUDS_city___Neighborhood VALUES('Zähringen',0,0,'cfedb6bc-5837-443d-8286-bba246a29934');
CREATE TABLE `CUDS_city___Street` (`name` `TEXT`, `coordinates___0` `INTEGER`, `coordinates___1` `INTEGER`, `uid` `TEXT`, PRIMARY KEY(`uid`), FOREIGN KEY(`uid`) REFERENCES `OSP_MASTER`(`uid`));
INSERT INTO CUDS_city___Street VALUES('Le street',0,0,'fde5cc98-2e14-4912-bbb4-7e07e3c89226');
CREATE TABLE `CUDS_city___Building` (`name` `TEXT`, `uid` `TEXT`, PRIMARY KEY(`uid`), FOREIGN KEY(`uid`) REFERENCES `OSP_MASTER`(`uid`));
INSERT INTO CUDS_city___Building VALUES('Theater','0c4a5cf9-a571-4337-99d5-9a0a5485f081');
CREATE TABLE `CUDS_city___Address` (`postalCode` `INTEGER`, `number` `INTEGER`, `name` `TEXT`, `uid` `TEXT`, PRIMARY KEY(`uid`), FOREIGN KEY(`uid`) REFERENCES `OSP_MASTER`(`uid`));
INSERT INTO CUDS_city___Address VALUES(79123,12,'Le street','08da2515-5d85-470a-abd4-eb48eb9cb1b5');
CREATE INDEX `idx_OSP_MASTER_oclass` ON `OSP_MASTER`(`oclass`);
CREATE INDEX `idx_OSP_MASTER_first_level` ON `OSP_MASTER`(`first_level`);
CREATE INDEX `idx_OSP_RELATIONSHIPS_origin` ON `OSP_RELATIONSHIPS`(`origin`);
COMMIT;
