PRAGMA foreign_keys=OFF;
BEGIN TRANSACTION;
CREATE TABLE `OSP_MASTER` (`uid` `TEXT`, `oclass` `REAL`, `first_level` `BOOLEAN`, PRIMARY KEY(`uid`));
INSERT INTO OSP_MASTER VALUES('00000000-0000-0000-0000-000000000000','',0);
INSERT INTO OSP_MASTER VALUES('affb72ee-6175-4028-bd7e-39a92ba3bb77','city.City',1);
INSERT INTO OSP_MASTER VALUES('a6956ec3-4fc6-4e60-966e-ee9e9dd52b5a','city.Citizen',0);
INSERT INTO OSP_MASTER VALUES('eb049fe5-2017-4509-b03f-4e7abe406b85','city.Citizen',0);
INSERT INTO OSP_MASTER VALUES('5a5e6ee1-319d-4be2-be0a-99092073963a','city.Citizen',0);
INSERT INTO OSP_MASTER VALUES('e30e0287-f52b-49f3-96b9-39a85fc9460d','city.Neighborhood',0);
INSERT INTO OSP_MASTER VALUES('25cb6116-e9d0-4ceb-81cd-d8cfcbead47b','city.Street',0);
INSERT INTO OSP_MASTER VALUES('a02de887-8e3f-413f-b86c-5ba499f11d5b','city.Building',0);
INSERT INTO OSP_MASTER VALUES('e9168048-e4f3-4cc9-9e9d-2ef8d4646948','city.Address',0);
CREATE TABLE `OSP_RELATIONSHIPS` (`origin` `TEXT`, `target` `TEXT`, `name` `REAL`, `target_oclass` `REAL`, PRIMARY KEY(`origin`, `target`, `name`), FOREIGN KEY(`origin`) REFERENCES `OSP_MASTER`(`uid`), FOREIGN KEY(`target`) REFERENCES `OSP_MASTER`(`uid`));
INSERT INTO OSP_RELATIONSHIPS VALUES('affb72ee-6175-4028-bd7e-39a92ba3bb77','a6956ec3-4fc6-4e60-966e-ee9e9dd52b5a','city.hasInhabitant','city.Citizen');
INSERT INTO OSP_RELATIONSHIPS VALUES('affb72ee-6175-4028-bd7e-39a92ba3bb77','eb049fe5-2017-4509-b03f-4e7abe406b85','city.hasInhabitant','city.Citizen');
INSERT INTO OSP_RELATIONSHIPS VALUES('affb72ee-6175-4028-bd7e-39a92ba3bb77','5a5e6ee1-319d-4be2-be0a-99092073963a','city.hasInhabitant','city.Citizen');
INSERT INTO OSP_RELATIONSHIPS VALUES('affb72ee-6175-4028-bd7e-39a92ba3bb77','e30e0287-f52b-49f3-96b9-39a85fc9460d','city.hasPart','city.Neighborhood');
INSERT INTO OSP_RELATIONSHIPS VALUES('affb72ee-6175-4028-bd7e-39a92ba3bb77','00000000-0000-0000-0000-000000000000','city.isPartOf','city.CityWrapper');
INSERT INTO OSP_RELATIONSHIPS VALUES('a6956ec3-4fc6-4e60-966e-ee9e9dd52b5a','affb72ee-6175-4028-bd7e-39a92ba3bb77','city.INVERSE_OF_hasInhabitant','city.City');
INSERT INTO OSP_RELATIONSHIPS VALUES('eb049fe5-2017-4509-b03f-4e7abe406b85','affb72ee-6175-4028-bd7e-39a92ba3bb77','city.INVERSE_OF_hasInhabitant','city.City');
INSERT INTO OSP_RELATIONSHIPS VALUES('5a5e6ee1-319d-4be2-be0a-99092073963a','affb72ee-6175-4028-bd7e-39a92ba3bb77','city.INVERSE_OF_hasInhabitant','city.City');
INSERT INTO OSP_RELATIONSHIPS VALUES('e30e0287-f52b-49f3-96b9-39a85fc9460d','affb72ee-6175-4028-bd7e-39a92ba3bb77','city.isPartOf','city.City');
INSERT INTO OSP_RELATIONSHIPS VALUES('e30e0287-f52b-49f3-96b9-39a85fc9460d','25cb6116-e9d0-4ceb-81cd-d8cfcbead47b','city.hasPart','city.Street');
INSERT INTO OSP_RELATIONSHIPS VALUES('25cb6116-e9d0-4ceb-81cd-d8cfcbead47b','e30e0287-f52b-49f3-96b9-39a85fc9460d','city.isPartOf','city.Neighborhood');
INSERT INTO OSP_RELATIONSHIPS VALUES('25cb6116-e9d0-4ceb-81cd-d8cfcbead47b','a02de887-8e3f-413f-b86c-5ba499f11d5b','city.hasPart','city.Building');
INSERT INTO OSP_RELATIONSHIPS VALUES('a02de887-8e3f-413f-b86c-5ba499f11d5b','25cb6116-e9d0-4ceb-81cd-d8cfcbead47b','city.isPartOf','city.Street');
INSERT INTO OSP_RELATIONSHIPS VALUES('a02de887-8e3f-413f-b86c-5ba499f11d5b','e9168048-e4f3-4cc9-9e9d-2ef8d4646948','city.hasPart','city.Address');
INSERT INTO OSP_RELATIONSHIPS VALUES('e9168048-e4f3-4cc9-9e9d-2ef8d4646948','a02de887-8e3f-413f-b86c-5ba499f11d5b','city.isPartOf','city.Building');
CREATE TABLE `CUDS_city___City` (`coordinates___0` `INTEGER`, `coordinates___1` `INTEGER`, `name` `TEXT`, `uid` `TEXT`, PRIMARY KEY(`uid`), FOREIGN KEY(`uid`) REFERENCES `OSP_MASTER`(`uid`));
INSERT INTO CUDS_city___City VALUES(42,12,'Freiburg','affb72ee-6175-4028-bd7e-39a92ba3bb77');
CREATE TABLE `CUDS_city___Citizen` (`age` `INTEGER`, `name` `TEXT`, `uid` `TEXT`, PRIMARY KEY(`uid`), FOREIGN KEY(`uid`) REFERENCES `OSP_MASTER`(`uid`));
INSERT INTO CUDS_city___Citizen VALUES(25,'Peter','a6956ec3-4fc6-4e60-966e-ee9e9dd52b5a');
INSERT INTO CUDS_city___Citizen VALUES(25,'Hans','eb049fe5-2017-4509-b03f-4e7abe406b85');
INSERT INTO CUDS_city___Citizen VALUES(25,'Michel','5a5e6ee1-319d-4be2-be0a-99092073963a');
CREATE TABLE `CUDS_city___Neighborhood` (`name` `TEXT`, `coordinates___0` `INTEGER`, `coordinates___1` `INTEGER`, `uid` `TEXT`, PRIMARY KEY(`uid`), FOREIGN KEY(`uid`) REFERENCES `OSP_MASTER`(`uid`));
INSERT INTO CUDS_city___Neighborhood VALUES('Zähringen',0,0,'e30e0287-f52b-49f3-96b9-39a85fc9460d');
CREATE TABLE `CUDS_city___Street` (`name` `TEXT`, `coordinates___0` `INTEGER`, `coordinates___1` `INTEGER`, `uid` `TEXT`, PRIMARY KEY(`uid`), FOREIGN KEY(`uid`) REFERENCES `OSP_MASTER`(`uid`));
INSERT INTO CUDS_city___Street VALUES('Le street',1,98,'25cb6116-e9d0-4ceb-81cd-d8cfcbead47b');
CREATE TABLE `CUDS_city___Building` (`name` `TEXT`, `uid` `TEXT`, PRIMARY KEY(`uid`), FOREIGN KEY(`uid`) REFERENCES `OSP_MASTER`(`uid`));
INSERT INTO CUDS_city___Building VALUES('Theater','a02de887-8e3f-413f-b86c-5ba499f11d5b');
CREATE TABLE `CUDS_city___Address` (`postalCode` `INTEGER`, `name` `TEXT`, `number` `INTEGER`, `uid` `TEXT`, PRIMARY KEY(`uid`), FOREIGN KEY(`uid`) REFERENCES `OSP_MASTER`(`uid`));
INSERT INTO CUDS_city___Address VALUES(79123,'Le street',12,'e9168048-e4f3-4cc9-9e9d-2ef8d4646948');
CREATE INDEX `idx_OSP_MASTER_oclass` ON `OSP_MASTER`(`oclass`);
CREATE INDEX `idx_OSP_MASTER_first_level` ON `OSP_MASTER`(`first_level`);
CREATE INDEX `idx_OSP_RELATIONSHIPS_origin` ON `OSP_RELATIONSHIPS`(`origin`);
COMMIT;
